ID,Segmentation
1462224759,Akshat
1462220081,Akshat
1462226086,Darsh
1462224440,Darsh
1462222905,Akshat
1462222945,Darsh
1462225012,Akshat
1462223210,Darsh
1462220031,Akshat
1462220059,Chaitanya
1462221861,Akshat
1462224995,Bhavesh
1462224765,Darsh
1462221668,Bhavesh
1462218524,Akshat
1462222429,Chaitanya
1462220304,Bhavesh
1462225666,Darsh
1462218765,Akshat
1462225865,Chaitanya
1462222980,Darsh
1462225252,Akshat
1462226469,Bhavesh
1462219426,Bhavesh
1462222891,Chaitanya
1462225929,Bhavesh
1462218566,Darsh
1462221768,Akshat
1462219042,Bhavesh
1462221439,Darsh
1462219157,Chaitanya
1462218616,Bhavesh
1462224576,Chaitanya
1462222151,Akshat
1462221994,Bhavesh
1462222143,Chaitanya
1462224733,Darsh
1462219661,Akshat
1462219583,Darsh
1462223724,Bhavesh
1462222488,Chaitanya
1462218483,Akshat
1462225005,Chaitanya
1462222700,Akshat
1462218725,Chaitanya
1462221145,Akshat
1462225561,Akshat
1462219430,Chaitanya
1462226410,Chaitanya
1462220909,Akshat
1462222162,Darsh
1462219449,Darsh
1462226241,Chaitanya
1462222664,Bhavesh
1462219693,Chaitanya
1462223259,Akshat
1462219639,Darsh
1462220466,Akshat
1462219074,Darsh
1462219258,Chaitanya
1462223148,Bhavesh
1462226510,Akshat
1462219003,Chaitanya
1462223534,Bhavesh
1462222883,Darsh
1462221306,Darsh
1462222898,Akshat
1462226232,Akshat
1462220818,Chaitanya
1462225784,Akshat
1462219304,Darsh
1462224379,Chaitanya
1462222492,Bhavesh
1462223453,Darsh
1462225345,Bhavesh
1462225850,Chaitanya
1462223367,Akshat
1462220487,Akshat
1462224393,Akshat
1462222587,Bhavesh
1462223273,Chaitanya
1462223384,Chaitanya
1462218975,Chaitanya
1462219427,Chaitanya
1462221618,Bhavesh
1462219745,Darsh
1462219425,Akshat
1462221611,Darsh
1462218701,Bhavesh
1462221639,Akshat
1462224722,Chaitanya
1462223104,Bhavesh
1462221791,Chaitanya
1462220264,Akshat
1462219838,Akshat
1462225531,Bhavesh
1462220822,Bhavesh
1462225595,Chaitanya
1462226325,Akshat
1462226307,Akshat
1462224117,Darsh
1462222933,Bhavesh
1462223490,Chaitanya
1462226399,Akshat
1462219237,Bhavesh
1462223112,Darsh
1462221980,Chaitanya
1462221153,Akshat
1462222766,Akshat
1462225363,Bhavesh
1462225404,Chaitanya
1462225492,Chaitanya
1462224659,Bhavesh
1462221832,Chaitanya
1462223293,Chaitanya
1462222947,Chaitanya
1462222689,Akshat
1462222403,Darsh
1462220534,Chaitanya
1462218780,Bhavesh
1462220596,Chaitanya
1462224324,Bhavesh
1462226463,Bhavesh
1462222314,Bhavesh
1462219448,Bhavesh
1462220980,Bhavesh
1462220365,Darsh
1462224078,Bhavesh
1462218710,Darsh
1462224034,Darsh
1462224240,Bhavesh
1462225030,Chaitanya
1462224154,Bhavesh
1462220067,Akshat
1462222995,Akshat
1462225672,Darsh
1462218699,Darsh
1462221217,Akshat
1462220810,Bhavesh
1462221156,Bhavesh
1462219830,Chaitanya
1462225465,Bhavesh
1462222406,Darsh
1462218881,Chaitanya
1462225083,Darsh
1462221551,Darsh
1462226367,Akshat
1462223369,Bhavesh
1462224467,Bhavesh
1462221996,Bhavesh
1462220843,Bhavesh
1462221005,Chaitanya
1462218941,Darsh
1462220879,Bhavesh
1462220320,Darsh
1462225183,Akshat
1462221712,Chaitanya
1462224330,Akshat
1462221528,Bhavesh
1462223693,Bhavesh
1462223822,Akshat
1462220998,Darsh
1462219723,Darsh
1462225888,Bhavesh
1462220730,Akshat
1462220877,Darsh
1462225727,Darsh
1462225735,Bhavesh
1462225862,Chaitanya
1462218659,Darsh
1462224130,Darsh
1462224612,Bhavesh
1462226124,Akshat
1462221513,Chaitanya
1462224701,Darsh
1462220462,Chaitanya
1462222956,Akshat
1462226240,Chaitanya
1462225402,Chaitanya
1462221180,Chaitanya
1462224151,Darsh
1462222712,Darsh
1462220438,Bhavesh
1462220878,Bhavesh
1462220987,Bhavesh
1462224243,Chaitanya
1462219957,Chaitanya
1462225568,Akshat
1462222107,Bhavesh
1462222482,Darsh
1462219040,Darsh
1462221781,Akshat
1462226549,Akshat
1462219708,Darsh
1462220697,Akshat
1462225251,Darsh
1462221448,Chaitanya
1462220814,Akshat
1462225732,Bhavesh
1462221038,Akshat
1462224966,Chaitanya
1462221810,Darsh
1462221264,Akshat
1462218698,Chaitanya
1462225060,Bhavesh
1462220174,Chaitanya
1462225033,Chaitanya
1462223790,Chaitanya
1462224617,Akshat
1462219624,Bhavesh
1462222233,Chaitanya
1462223773,Chaitanya
1462218853,Akshat
1462224235,Akshat
1462218557,Darsh
1462221626,Bhavesh
1462221393,Bhavesh
1462221066,Bhavesh
1462219769,Akshat
1462224062,Darsh
1462223867,Chaitanya
1462218769,Darsh
1462219315,Bhavesh
1462221571,Akshat
1462224160,Darsh
1462219861,Chaitanya
1462222093,Darsh
1462220420,Bhavesh
1462221336,Darsh
1462220171,Chaitanya
1462225751,Bhavesh
1462223803,Bhavesh
1462223225,Akshat
1462219149,Chaitanya
1462221589,Chaitanya
1462225715,Chaitanya
1462225021,Darsh
1462225129,Akshat
1462222981,Darsh
1462224317,Akshat
1462225093,Darsh
1462218724,Bhavesh
1462225747,Darsh
1462224593,Darsh
1462221660,Darsh
1462224573,Akshat
1462218644,Bhavesh
1462225679,Chaitanya
1462221570,Akshat
1462226301,Darsh
1462222985,Bhavesh
1462221667,Darsh
1462219155,Akshat
1462219574,Darsh
1462221728,Darsh
1462219556,Darsh
1462223249,Darsh
1462222454,Akshat
1462221701,Darsh
1462223766,Darsh
1462222540,Chaitanya
1462223798,Akshat
1462219125,Darsh
1462221921,Akshat
1462223841,Darsh
1462220768,Darsh
1462226227,Darsh
1462221046,Akshat
1462224326,Bhavesh
1462223187,Chaitanya
1462221335,Chaitanya
1462219420,Akshat
1462222603,Darsh
1462224717,Akshat
1462218796,Akshat
1462222722,Akshat
1462219321,Darsh
1462226197,Bhavesh
1462223263,Darsh
1462219459,Akshat
1462224186,Darsh
1462223136,Akshat
1462222140,Darsh
1462221152,Bhavesh
1462225365,Bhavesh
1462220520,Chaitanya
1462222476,Chaitanya
1462225502,Chaitanya
1462226323,Akshat
1462220757,Akshat
1462223018,Darsh
1462218826,Chaitanya
1462221347,Bhavesh
1462220447,Bhavesh
1462219209,Darsh
1462223585,Bhavesh
1462225654,Bhavesh
1462222856,Chaitanya
1462225898,Darsh
1462225725,Akshat
1462222631,Chaitanya
1462220000,Akshat
1462219628,Chaitanya
1462222063,Chaitanya
1462218518,Darsh
1462220571,Darsh
1462220141,Chaitanya
1462221923,Chaitanya
1462219903,Darsh
1462221875,Akshat
1462222390,Bhavesh
1462221548,Akshat
1462223024,Chaitanya
1462220724,Darsh
1462220506,Darsh
1462222534,Akshat
1462222589,Akshat
1462221816,Chaitanya
1462222693,Darsh
1462223127,Chaitanya
1462222379,Darsh
1462220610,Darsh
1462225440,Akshat
1462225136,Bhavesh
1462223655,Darsh
1462225015,Chaitanya
1462219147,Akshat
1462220632,Akshat
1462223933,Darsh
1462223566,Akshat
1462218532,Bhavesh
1462220476,Bhavesh
1462224315,Bhavesh
1462219067,Chaitanya
1462225644,Bhavesh
1462220874,Chaitanya
1462221402,Akshat
1462226473,Akshat
1462223307,Bhavesh
1462218547,Akshat
1462223835,Darsh
1462226170,Akshat
1462221078,Akshat
1462225470,Darsh
1462224732,Darsh
1462218495,Darsh
1462221437,Akshat
1462225483,Bhavesh
1462219901,Akshat
1462224602,Bhavesh
1462224773,Chaitanya
1462218536,Darsh
1462219388,Akshat
1462220222,Akshat
1462223358,Darsh
1462220089,Akshat
1462223195,Chaitanya
1462226306,Akshat
1462225277,Akshat
1462221237,Darsh
1462220564,Chaitanya
1462224491,Chaitanya
1462220197,Darsh
1462223522,Bhavesh
1462225052,Akshat
1462223941,Akshat
1462219143,Akshat
1462225384,Bhavesh
1462224509,Akshat
1462223640,Bhavesh
1462221651,Darsh
1462220572,Darsh
1462223614,Darsh
1462225071,Akshat
1462225198,Darsh
1462221358,Darsh
1462222322,Bhavesh
1462226547,Darsh
1462225017,Bhavesh
1462225796,Akshat
1462219613,Darsh
1462225809,Bhavesh
1462221685,Akshat
1462223416,Darsh
1462221494,Akshat
1462219761,Darsh
1462220126,Akshat
1462223691,Akshat
1462226110,Darsh
1462219310,Chaitanya
1462224695,Akshat
1462224482,Darsh
1462221908,Bhavesh
1462226321,Chaitanya
1462223827,Akshat
1462219047,Darsh
1462220513,Bhavesh
1462223086,Darsh
1462219028,Akshat
1462220847,Chaitanya
1462218972,Akshat
1462221800,Akshat
1462226179,Darsh
1462224103,Chaitanya
1462226341,Darsh
1462222647,Bhavesh
1462225797,Darsh
1462220124,Akshat
1462219727,Akshat
1462219786,Chaitanya
1462221931,Bhavesh
1462224256,Bhavesh
1462225092,Bhavesh
1462222780,Bhavesh
1462225592,Chaitanya
1462222055,Bhavesh
1462220463,Bhavesh
1462223562,Darsh
1462220255,Akshat
1462223424,Darsh
1462218833,Akshat
1462224826,Akshat
1462225584,Akshat
1462224369,Chaitanya
1462224407,Darsh
1462225246,Akshat
1462221874,Akshat
1462225318,Akshat
1462219444,Bhavesh
1462218738,Akshat
1462220797,Bhavesh
1462220601,Akshat
1462221808,Darsh
1462221269,Chaitanya
1462221097,Darsh
1462218908,Akshat
1462218992,Bhavesh
1462224828,Darsh
1462226275,Darsh
1462224424,Chaitanya
1462219647,Chaitanya
1462223328,Chaitanya
1462225980,Darsh
1462223008,Chaitanya
1462223997,Darsh
1462218862,Bhavesh
1462219535,Bhavesh
1462220429,Chaitanya
1462224671,Akshat
1462218838,Darsh
1462219883,Darsh
1462223224,Chaitanya
1462223275,Chaitanya
1462225993,Darsh
1462221741,Akshat
1462221970,Darsh
1462221826,Akshat
1462220904,Bhavesh
1462220839,Chaitanya
1462218562,Chaitanya
1462225173,Chaitanya
1462218711,Darsh
1462218819,Darsh
1462222135,Akshat
1462222096,Akshat
1462222325,Darsh
1462226448,Akshat
1462223026,Akshat
1462221997,Chaitanya
1462219657,Chaitanya
1462222669,Darsh
1462222437,Bhavesh
1462221815,Darsh
1462218647,Chaitanya
1462220452,Bhavesh
1462224783,Akshat
1462224058,Akshat
1462221084,Akshat
1462219677,Akshat
1462220555,Bhavesh
1462221312,Darsh
1462222937,Bhavesh
1462224147,Bhavesh
1462221579,Darsh
1462221775,Darsh
1462219454,Akshat
1462223727,Akshat
1462222742,Akshat
1462221137,Darsh
1462223485,Chaitanya
1462222528,Bhavesh
1462220302,Akshat
1462220019,Chaitanya
1462226385,Akshat
1462218636,Chaitanya
1462218855,Darsh
1462225186,Chaitanya
1462223531,Akshat
1462226405,Bhavesh
1462220137,Akshat
1462219817,Akshat
1462219097,Darsh
1462225859,Akshat
1462224809,Darsh
1462220249,Akshat
1462221510,Akshat
1462222571,Darsh
1462222228,Akshat
1462224554,Darsh
1462221413,Bhavesh
1462221012,Darsh
1462220548,Akshat
1462220883,Darsh
1462221966,Bhavesh
1462221374,Darsh
1462220957,Darsh
1462220296,Chaitanya
1462219184,Darsh
1462226171,Darsh
1462225446,Darsh
1462220011,Chaitanya
1462226112,Akshat
1462224096,Bhavesh
1462225094,Akshat
1462225253,Chaitanya
1462222777,Bhavesh
1462224700,Bhavesh
1462219112,Chaitanya
1462218653,Chaitanya
1462224262,Akshat
1462224672,Akshat
1462222501,Akshat
1462223436,Bhavesh
1462222548,Chaitanya
1462222783,Akshat
1462224093,Akshat
1462225636,Akshat
1462218534,Akshat
1462221824,Akshat
1462224236,Bhavesh
1462225868,Darsh
1462221225,Akshat
1462224728,Akshat
1462223472,Akshat
1462223264,Akshat
1462222729,Darsh
1462220616,Akshat
1462225038,Darsh
1462218672,Chaitanya
1462220903,Darsh
1462224284,Chaitanya
1462220858,Darsh
1462224843,Darsh
1462223203,Chaitanya
1462222890,Bhavesh
1462222961,Darsh
1462220361,Akshat
1462225959,Darsh
1462221299,Darsh
1462226136,Bhavesh
1462225441,Darsh
1462223407,Akshat
1462218744,Akshat
1462219228,Chaitanya
1462220104,Darsh
1462222068,Bhavesh
1462225648,Bhavesh
1462226542,Akshat
1462222849,Chaitanya
1462224578,Darsh
1462223389,Darsh
1462223129,Bhavesh
1462220112,Akshat
1462223420,Darsh
1462223740,Akshat
1462222752,Darsh
1462225741,Akshat
1462221549,Chaitanya
1462223603,Chaitanya
1462222915,Akshat
1462222808,Akshat
1462223506,Akshat
1462220628,Bhavesh
1462224900,Bhavesh
1462224885,Chaitanya
1462225830,Bhavesh
1462224423,Chaitanya
1462224675,Akshat
1462224432,Chaitanya
1462222004,Chaitanya
1462223604,Chaitanya
1462222834,Chaitanya
1462220983,Akshat
1462224422,Chaitanya
1462220595,Akshat
1462224174,Akshat
1462224949,Darsh
1462220743,Darsh
1462220242,Chaitanya
1462220445,Bhavesh
1462220421,Chaitanya
1462221710,Darsh
1462226092,Akshat
1462221026,Akshat
1462219175,Bhavesh
1462223181,Akshat
1462219123,Bhavesh
1462221969,Akshat
1462226072,Darsh
1462225263,Darsh
1462225322,Akshat
1462223956,Bhavesh
1462219746,Bhavesh
1462221221,Chaitanya
1462218849,Darsh
1462223983,Darsh
1462220967,Chaitanya
1462224790,Bhavesh
1462223745,Chaitanya
1462218733,Akshat
1462224373,Bhavesh
1462224608,Darsh
1462222896,Bhavesh
1462218602,Chaitanya
1462225707,Akshat
1462225516,Darsh
1462219923,Darsh
1462220154,Bhavesh
1462223320,Chaitanya
1462223699,Akshat
1462222767,Chaitanya
1462220351,Akshat
1462219793,Akshat
1462224449,Bhavesh
1462224070,Darsh
1462225087,Akshat
1462222989,Akshat
1462224189,Darsh
1462223431,Bhavesh
1462219997,Bhavesh
1462223703,Akshat
1462219893,Chaitanya
1462221535,Akshat
1462221085,Akshat
1462224226,Akshat
1462220448,Darsh
1462223164,Darsh
1462224382,Darsh
1462220691,Akshat
1462224218,Darsh
1462219107,Darsh
1462220793,Bhavesh
1462223417,Akshat
1462221940,Akshat
1462220748,Darsh
1462219458,Akshat
1462220802,Darsh
1462224875,Bhavesh
1462223652,Akshat
1462221886,Darsh
1462221164,Bhavesh
1462220907,Darsh
1462219193,Akshat
1462219465,Darsh
1462220668,Darsh
1462226370,Darsh
1462223318,Bhavesh
1462218748,Bhavesh
1462223515,Bhavesh
1462222821,Akshat
1462220385,Bhavesh
1462219442,Chaitanya
1462220029,Bhavesh
1462223061,Akshat
1462220243,Darsh
1462225723,Bhavesh
1462220790,Darsh
1462226176,Bhavesh
1462224457,Darsh
1462225082,Darsh
1462220464,Bhavesh
1462223308,Darsh
1462224930,Darsh
1462225285,Chaitanya
1462222857,Akshat
1462222184,Akshat
1462225599,Chaitanya
1462226169,Chaitanya
1462220931,Akshat
1462226109,Darsh
1462222583,Akshat
1462222622,Chaitanya
1462224464,Chaitanya
1462223393,Akshat
1462224542,Bhavesh
1462225166,Bhavesh
1462221788,Chaitanya
1462223999,Chaitanya
1462219187,Chaitanya
1462219121,Chaitanya
1462225103,Bhavesh
1462221018,Akshat
1462218786,Chaitanya
1462218950,Chaitanya
1462219349,Darsh
1462223647,Akshat
1462220439,Akshat
1462223118,Bhavesh
1462220567,Chaitanya
1462221059,Darsh
1462222036,Bhavesh
1462223760,Bhavesh
1462220611,Akshat
1462225499,Darsh
1462226344,Bhavesh
1462223830,Darsh
1462220235,Chaitanya
1462224114,Chaitanya
1462222939,Darsh
1462224299,Darsh
1462219970,Darsh
1462224374,Chaitanya
1462225468,Darsh
1462225628,Bhavesh
1462219174,Bhavesh
1462224139,Akshat
1462224105,Chaitanya
1462226020,Darsh
1462225759,Akshat
1462218623,Chaitanya
1462219340,Darsh
1462221226,Bhavesh
1462223791,Akshat
1462226450,Chaitanya
1462219137,Darsh
1462225570,Akshat
1462223762,Darsh
1462226288,Bhavesh
1462220815,Akshat
1462225022,Akshat
1462222872,Chaitanya
1462225317,Darsh
1462221118,Chaitanya
1462223327,Darsh
1462223282,Bhavesh
1462220781,Akshat
1462226133,Bhavesh
1462224033,Akshat
1462220084,Akshat
1462221726,Bhavesh
1462220789,Akshat
1462222232,Darsh
1462219533,Chaitanya
1462219483,Akshat
1462221136,Chaitanya
1462223034,Darsh
1462218597,Akshat
1462222285,Chaitanya
1462226483,Darsh
1462224587,Darsh
1462221104,Bhavesh
1462223903,Chaitanya
1462219898,Chaitanya
1462222416,Akshat
1462219645,Darsh
1462221311,Chaitanya
1462221282,Akshat
1462224571,Akshat
1462225145,Chaitanya
1462221087,Bhavesh
1462221758,Bhavesh
1462226487,Akshat
1462219668,Chaitanya
1462223322,Chaitanya
1462223031,Darsh
1462221871,Bhavesh
1462219591,Darsh
1462218896,Bhavesh
1462225424,Akshat
1462218825,Akshat
1462218879,Bhavesh
1462220964,Akshat
1462222197,Darsh
1462219421,Akshat
1462220140,Chaitanya
1462220189,Darsh
1462220893,Darsh
1462225983,Akshat
1462223512,Chaitanya
1462219084,Chaitanya
1462222019,Chaitanya
1462225572,Bhavesh
1462223495,Darsh
1462226406,Akshat
1462225035,Bhavesh
1462219993,Akshat
1462224805,Akshat
1462218570,Akshat
1462218795,Bhavesh
1462221598,Bhavesh
1462225804,Chaitanya
1462221497,Darsh
1462222958,Akshat
1462225972,Akshat
1462223523,Bhavesh
1462225376,Darsh
1462225477,Chaitanya
1462222514,Bhavesh
1462222657,Bhavesh
1462220161,Darsh
1462224408,Darsh
1462218641,Chaitanya
1462222781,Bhavesh
1462223087,Akshat
1462220097,Darsh
1462219589,Darsh
1462225949,Bhavesh
1462224568,Bhavesh
1462221416,Akshat
1462219823,Chaitanya
1462219005,Darsh
1462223730,Bhavesh
1462219323,Darsh
1462226548,Chaitanya
1462224331,Akshat
1462224391,Akshat
1462218965,Darsh
1462219132,Bhavesh
1462224075,Chaitanya
1462223910,Bhavesh
1462221890,Darsh
1462222581,Bhavesh
1462223622,Chaitanya
1462224288,Bhavesh
1462224077,Chaitanya
1462221936,Akshat
1462219317,Darsh
1462224277,Bhavesh
1462223681,Akshat
1462224594,Akshat
1462224591,Darsh
1462226493,Akshat
1462225773,Bhavesh
1462220552,Darsh
1462223807,Chaitanya
1462223056,Akshat
1462219214,Chaitanya
1462221731,Akshat
1462223498,Chaitanya
1462224726,Darsh
1462220350,Darsh
1462221552,Akshat
1462221760,Bhavesh
1462220314,Darsh
1462223152,Chaitanya
1462224710,Darsh
1462221593,Bhavesh
1462224735,Akshat
1462225460,Chaitanya
1462221688,Akshat
1462220341,Darsh
1462222659,Akshat
1462222037,Chaitanya
1462223979,Akshat
1462224656,Darsh
1462225627,Akshat
1462226394,Bhavesh
1462224486,Chaitanya
1462219504,Darsh
1462219462,Akshat
1462226002,Bhavesh
1462225390,Chaitanya
1462219713,Chaitanya
1462225089,Chaitanya
1462219735,Bhavesh
1462226193,Darsh
1462220143,Akshat
1462225152,Chaitanya
1462225352,Chaitanya
1462222879,Bhavesh
1462225351,Akshat
1462222964,Bhavesh
1462224136,Akshat
1462226022,Chaitanya
1462225491,Darsh
1462223244,Darsh
1462224922,Bhavesh
1462221091,Darsh
1462220103,Akshat
1462224433,Chaitanya
1462221031,Bhavesh
1462222625,Akshat
1462220477,Chaitanya
1462224841,Akshat
1462220996,Chaitanya
1462226073,Darsh
1462224442,Chaitanya
1462224498,Chaitanya
1462223949,Akshat
1462222222,Chaitanya
1462219417,Akshat
1462220311,Chaitanya
1462221176,Darsh
1462224210,Darsh
1462224689,Chaitanya
1462220918,Darsh
1462219387,Darsh
1462221158,Chaitanya
1462221691,Chaitanya
1462226239,Darsh
1462226523,Darsh
1462218732,Akshat
1462219221,Chaitanya
1462219163,Akshat
1462225696,Akshat
1462219509,Bhavesh
1462221398,Chaitanya
1462224371,Bhavesh
1462226489,Darsh
1462224017,Darsh
1462225733,Akshat
1462226108,Akshat
1462220912,Bhavesh
1462225587,Bhavesh
1462219728,Darsh
1462223193,Bhavesh
1462224731,Bhavesh
1462225629,Bhavesh
1462225389,Chaitanya
1462223869,Chaitanya
1462220324,Akshat
1462219224,Darsh
1462223897,Akshat
1462221948,Darsh
1462223517,Akshat
1462224646,Darsh
1462219325,Bhavesh
1462223351,Bhavesh
1462219066,Darsh
1462220761,Chaitanya
1462225670,Bhavesh
1462223251,Bhavesh
1462223792,Darsh
1462226362,Chaitanya
1462220446,Bhavesh
1462218811,Chaitanya
1462225718,Chaitanya
1462224991,Chaitanya
1462220075,Akshat
1462220532,Bhavesh
1462222216,Akshat
1462226003,Bhavesh
1462225845,Chaitanya
1462221383,Bhavesh
1462225437,Akshat
1462219299,Darsh
1462223217,Chaitanya
1462221424,Chaitanya
1462225631,Bhavesh
1462225662,Chaitanya
1462226526,Akshat
1462225598,Darsh
1462224443,Chaitanya
1462226223,Akshat
1462221149,Darsh
1462224621,Bhavesh
1462220407,Bhavesh
1462221396,Akshat
1462226333,Akshat
1462222472,Akshat
1462224156,Chaitanya
1462219862,Chaitanya
1462219482,Akshat
1462219054,Chaitanya
1462219226,Darsh
1462225366,Darsh
1462223040,Bhavesh
1462225719,Darsh
1462223133,Chaitanya
1462221248,Darsh
1462222738,Akshat
1462226282,Chaitanya
1462223843,Darsh
1462222121,Darsh
1462221028,Akshat
1462220955,Akshat
1462220281,Akshat
1462223425,Akshat
1462219635,Chaitanya
1462222131,Akshat
1462219294,Darsh
1462219987,Chaitanya
1462224861,Akshat
1462222480,Bhavesh
1462220941,Bhavesh
1462222411,Akshat
1462223350,Chaitanya
1462219798,Darsh
1462221457,Akshat
1462222715,Bhavesh
1462222527,Chaitanya
1462224696,Bhavesh
1462220924,Bhavesh
1462225313,Chaitanya
1462225910,Chaitanya
1462223331,Bhavesh
1462225948,Chaitanya
1462225113,Bhavesh
1462220762,Akshat
1462219756,Akshat
1462225254,Akshat
1462222621,Bhavesh
1462219600,Chaitanya
1462220277,Chaitanya
1462222047,Chaitanya
1462224712,Chaitanya
1462222955,Chaitanya
1462226363,Bhavesh
1462222604,Akshat
1462219300,Darsh
1462221601,Bhavesh
1462223720,Akshat
1462220260,Bhavesh
1462218734,Chaitanya
1462220706,Darsh
1462222194,Darsh
1462225438,Akshat
1462226214,Akshat
1462219979,Darsh
1462220118,Darsh
1462223749,Darsh
1462219920,Akshat
1462223688,Darsh
1462219616,Chaitanya
1462225969,Akshat
1462224582,Bhavesh
1462221044,Darsh
1462224272,Akshat
1462219517,Chaitanya
1462218643,Bhavesh
1462224917,Akshat
1462222575,Darsh
1462223530,Bhavesh
1462225309,Akshat
1462225607,Darsh
1462222342,Akshat
1462226255,Chaitanya
1462219884,Akshat
1462220480,Akshat
1462224471,Chaitanya
1462224842,Darsh
1462226069,Chaitanya
1462224029,Akshat
1462218909,Bhavesh
1462222852,Bhavesh
1462225889,Darsh
1462225098,Akshat
1462223982,Chaitanya
1462223326,Akshat
1462219217,Akshat
1462219456,Akshat
1462221016,Chaitanya
1462222436,Darsh
1462222596,Darsh
1462224727,Chaitanya
1462226173,Darsh
1462222282,Darsh
1462218575,Akshat
1462220412,Darsh
1462222160,Akshat
1462222977,Bhavesh
1462220383,Darsh
1462221247,Chaitanya
1462226245,Akshat
1462225958,Akshat
1462220845,Darsh
1462219331,Darsh
1462224138,Akshat
1462223394,Bhavesh
1462225721,Akshat
1462223285,Bhavesh
1462222580,Akshat
1462219888,Darsh
1462223832,Darsh
1462224173,Bhavesh
1462221143,Akshat
1462220150,Darsh
1462221672,Akshat
1462220794,Chaitanya
1462219013,Darsh
1462221801,Bhavesh
1462224108,Akshat
1462219333,Bhavesh
1462225514,Darsh
1462222876,Chaitanya
1462221707,Akshat
1462221438,Akshat
1462221621,Akshat
1462221108,Bhavesh
1462220300,Akshat
1462219493,Chaitanya
1462218633,Darsh
1462223460,Bhavesh
1462224087,Akshat
1462223771,Bhavesh
1462221277,Bhavesh
1462220481,Akshat
1462225863,Bhavesh
1462221102,Akshat
1462222475,Darsh
1462219911,Darsh
1462223651,Chaitanya
1462219612,Darsh
1462225918,Darsh
1462221209,Chaitanya
1462225638,Chaitanya
1462220948,Akshat
1462221847,Darsh
1462224557,Akshat
1462223951,Chaitanya
1462224216,Darsh
1462223349,Chaitanya
1462221200,Akshat
1462221476,Bhavesh
1462221361,Darsh
1462219722,Darsh
1462222455,Darsh
1462225485,Akshat
1462222797,Bhavesh
1462219061,Bhavesh
1462219809,Bhavesh
1462218600,Darsh
1462219937,Darsh
1462219100,Darsh
1462219718,Darsh
1462223817,Akshat
1462219590,Bhavesh
1462223904,Chaitanya
1462221637,Chaitanya
1462224993,Akshat
1462219505,Chaitanya
1462222039,Akshat
1462218526,Akshat
1462219528,Akshat
1462218843,Akshat
1462225387,Darsh
1462219750,Chaitanya
1462219413,Bhavesh
1462225075,Akshat
1462218549,Darsh
1462223457,Bhavesh
1462218877,Akshat
1462223616,Darsh
1462222296,Darsh
1462218667,Bhavesh
1462218872,Bhavesh
1462223091,Darsh
1462218556,Chaitanya
1462226310,Bhavesh
1462220012,Darsh
1462219093,Chaitanya
1462225999,Akshat
1462225427,Darsh
1462226351,Bhavesh
1462220977,Darsh
1462224534,Bhavesh
1462225519,Chaitanya
1462225589,Chaitanya
1462222676,Darsh
1462225957,Chaitanya
1462218800,Darsh
1462218590,Darsh
1462222003,Akshat
1462222097,Akshat
1462219133,Bhavesh
1462220806,Bhavesh
1462226497,Akshat
1462219114,Akshat
1462220612,Akshat
1462221525,Bhavesh
1462225042,Bhavesh
1462219234,Chaitanya
1462222095,Darsh
1462224050,Darsh
1462225748,Darsh
1462220988,Akshat
1462220403,Akshat
1462222917,Darsh
1462222471,Chaitanya
1462222912,Chaitanya
1462224076,Bhavesh
1462219578,Darsh
1462220023,Akshat
1462221732,Darsh
1462220972,Chaitanya
1462220356,Akshat
1462225930,Akshat
1462226407,Darsh
1462219316,Chaitanya
1462225726,Darsh
1462223541,Akshat
1462223828,Darsh
1462222362,Akshat
1462223289,Akshat
1462226359,Chaitanya
1462219588,Bhavesh
1462223271,Bhavesh
1462225223,Akshat
1462221893,Darsh
1462225557,Darsh
1462225896,Akshat
1462226242,Darsh
1462219944,Akshat
1462225140,Darsh
1462223579,Bhavesh
1462218546,Chaitanya
1462223667,Akshat
1462219516,Darsh
1462219879,Darsh
1462224506,Darsh
1462218990,Chaitanya
1462222642,Chaitanya
1462218492,Darsh
1462224616,Darsh
1462219844,Darsh
1462222289,Bhavesh
1462223254,Darsh
1462224469,Darsh
1462225335,Chaitanya
1462225742,Chaitanya
1462221615,Chaitanya
1462225391,Chaitanya
1462224258,Akshat
1462220692,Darsh
1462226506,Chaitanya
1462220048,Darsh
1462225549,Akshat
1462223366,Akshat
1462225697,Chaitanya
1462224950,Darsh
1462219370,Bhavesh
1462223068,Akshat
1462219350,Akshat
1462224431,Chaitanya
1462223528,Chaitanya
1462221872,Darsh
1462223648,Darsh
1462222299,Bhavesh
1462219926,Darsh
1462219666,Akshat
1462224490,Akshat
1462218514,Darsh
1462221319,Chaitanya
1462221934,Akshat
1462223721,Darsh
1462220329,Akshat
1462221883,Bhavesh
1462220316,Akshat
1462219596,Akshat
1462222618,Akshat
1462220426,Akshat
1462222176,Akshat
1462219952,Bhavesh
1462222396,Chaitanya
1462220494,Akshat
1462222086,Darsh
1462219676,Bhavesh
1462221131,Darsh
1462225213,Akshat
1462223574,Akshat
1462222211,Akshat
1462225605,Bhavesh
1462224219,Akshat
1462225603,Bhavesh
1462220882,Darsh
1462224547,Akshat
1462224601,Darsh
1462224006,Chaitanya
1462226017,Akshat
1462224533,Akshat
1462221821,Darsh
1462224322,Bhavesh
1462223989,Bhavesh
1462223602,Darsh
1462221062,Chaitanya
1462224523,Bhavesh
1462220486,Akshat
1462220615,Chaitanya
1462221673,Chaitanya
1462219437,Akshat
1462219153,Akshat
1462220938,Akshat
1462222913,Chaitanya
1462222338,Darsh
1462220381,Akshat
1462221546,Darsh
1462222695,Bhavesh
1462224879,Bhavesh
1462224738,Bhavesh
1462226084,Chaitanya
1462222266,Darsh
1462219789,Chaitanya
1462225534,Darsh
1462223560,Chaitanya
1462223937,Bhavesh
1462224252,Bhavesh
1462221964,Darsh
1462221715,Darsh
1462223027,Darsh
1462222305,Darsh
1462222728,Bhavesh
1462222861,Akshat
1462224499,Chaitanya
1462221240,Chaitanya
1462222822,Darsh
1462224137,Akshat
1462225324,Chaitanya
1462222696,Akshat
1462223356,Darsh
1462226224,Chaitanya
1462218778,Akshat
1462219988,Darsh
1462224982,Darsh
1462222275,Akshat
1462223953,Bhavesh
1462222818,Darsh
1462223769,Darsh
1462225111,Bhavesh
1462224810,Akshat
1462226416,Darsh
1462224863,Darsh
1462221998,Bhavesh
1462222209,Darsh
1462224677,Darsh
1462220267,Darsh
1462224549,Akshat
1462220838,Darsh
1462225919,Chaitanya
1462218666,Akshat
1462223896,Darsh
1462225221,Darsh
1462225489,Darsh
1462223611,Akshat
1462221933,Darsh
1462226034,Akshat
1462221656,Darsh
1462220051,Bhavesh
1462221422,Darsh
1462221555,Bhavesh
1462224893,Chaitanya
1462221070,Darsh
1462219307,Akshat
1462219900,Darsh
1462223058,Chaitanya
1462225482,Akshat
1462225144,Darsh
1462226330,Bhavesh
1462225885,Darsh
1462220374,Darsh
1462220695,Chaitanya
1462224380,Bhavesh
1462219508,Akshat
1462221782,Chaitanya
1462220649,Darsh
1462221753,Akshat
1462219984,Akshat
1462226259,Darsh
1462223899,Chaitanya
1462218651,Bhavesh
1462221690,Darsh
1462225284,Chaitanya
1462222983,Chaitanya
1462220073,Akshat
1462225295,Chaitanya
1462220058,Darsh
1462219411,Darsh
1462222067,Darsh
1462219748,Chaitanya
1462226187,Akshat
1462218482,Darsh
1462222077,Akshat
1462226250,Bhavesh
1462222155,Akshat
1462226105,Bhavesh
1462224047,Chaitanya
1462224152,Akshat
1462224470,Bhavesh
1462221462,Akshat
1462224518,Akshat
1462219593,Darsh
1462225573,Chaitanya
1462221244,Darsh
1462219815,Bhavesh
1462218510,Bhavesh
1462221351,Darsh
1462223617,Darsh
1462225061,Akshat
1462223729,Akshat
1462218885,Bhavesh
1462220083,Chaitanya
1462223533,Akshat
1462224504,Akshat
1462225423,Darsh
1462218791,Bhavesh
1462219152,Darsh
1462221298,Bhavesh
1462219216,Darsh
1462221985,Bhavesh
1462222188,Bhavesh
1462218595,Bhavesh
1462220095,Akshat
1462224348,Darsh
1462222711,Akshat
1462224548,Darsh
1462226331,Darsh
1462222470,Bhavesh
1462221864,Darsh
1462219279,Chaitanya
1462218816,Akshat
1462219095,Darsh
1462225014,Darsh
1462225282,Bhavesh
1462221625,Chaitanya
1462221669,Bhavesh
1462218863,Akshat
1462219781,Bhavesh
1462223236,Darsh
1462219197,Darsh
1462221965,Bhavesh
1462223295,Darsh
1462225842,Darsh
1462222709,Bhavesh
1462224385,Chaitanya
1462224301,Akshat
1462223004,Chaitanya
1462221595,Bhavesh
1462222186,Bhavesh
1462222921,Darsh
1462223978,Bhavesh
1462222030,Akshat
1462219819,Akshat
1462225988,Akshat
1462223599,Darsh
1462219385,Akshat
1462219840,Akshat
1462223884,Akshat
1462219526,Darsh
1462226294,Akshat
1462224255,Darsh
1462222531,Bhavesh
1462221254,Akshat
1462221840,Bhavesh
1462221115,Darsh
1462222487,Bhavesh
1462222595,Bhavesh
1462221729,Darsh
1462226228,Bhavesh
1462223796,Bhavesh
1462222116,Akshat
1462224888,Bhavesh
1462225178,Bhavesh
1462224603,Darsh
1462220175,Darsh
1462221671,Akshat
1462221313,Bhavesh
1462224250,Bhavesh
1462220192,Darsh
1462221544,Darsh
1462220723,Darsh
1462224362,Chaitanya
1462218617,Darsh
1462221917,Akshat
1462222805,Bhavesh
1462219386,Darsh
1462219804,Darsh
1462225188,Akshat
1462218599,Akshat
1462225138,Bhavesh
1462218901,Bhavesh
1462224061,Bhavesh
1462221469,Chaitanya
1462223313,Darsh
1462218568,Chaitanya
1462224714,Darsh
1462220945,Darsh
1462225411,Darsh
1462225381,Darsh
1462219485,Akshat
1462222134,Akshat
1462223816,Chaitanya
1462225417,Bhavesh
1462221257,Bhavesh
1462223054,Darsh
1462225939,Bhavesh
1462218680,Akshat
1462223222,Bhavesh
1462221344,Chaitanya
1462218964,Darsh
1462222609,Bhavesh
1462222672,Chaitanya
1462225581,Chaitanya
1462221644,Akshat
1462223449,Darsh
1462221434,Akshat
1462226480,Akshat
1462223801,Akshat
1462224963,Akshat
1462219772,Akshat
1462220434,Darsh
1462222507,Chaitanya
1462222616,Bhavesh
1462223208,Darsh
1462219891,Bhavesh
1462219768,Akshat
1462219261,Chaitanya
1462224394,Bhavesh
1462219046,Chaitanya
1462218558,Akshat
1462220008,Darsh
1462220099,Bhavesh
1462224772,Bhavesh
1462225298,Akshat
1462222041,Akshat
1462225449,Chaitanya
1462223134,Chaitanya
1462223476,Akshat
1462219254,Chaitanya
1462225476,Bhavesh
1462225106,Darsh
1462225332,Akshat
1462218527,Akshat
1462221789,Bhavesh
1462221445,Chaitanya
1462219916,Darsh
1462225873,Darsh
1462223012,Bhavesh
1462225515,Bhavesh
1462224525,Chaitanya
1462222889,Bhavesh
1462221142,Chaitanya
1462219101,Bhavesh
1462219948,Akshat
1462222224,Akshat
1462218563,Darsh
1462221219,Bhavesh
1462221993,Darsh
1462219115,Bhavesh
1462223405,Akshat
1462225526,Chaitanya
1462221440,Chaitanya
1462220659,Akshat
1462224979,Darsh
1462222901,Akshat
1462220561,Darsh
1462221315,Bhavesh
1462221271,Chaitanya
1462226031,Chaitanya
1462220468,Akshat
1462225764,Bhavesh
1462223505,Akshat
1462226103,Darsh
1462223972,Bhavesh
1462225066,Akshat
1462223704,Akshat
1462221811,Darsh
1462219518,Darsh
1462224247,Akshat
1462220014,Bhavesh
1462224044,Bhavesh
1462221431,Bhavesh
1462226532,Chaitanya
1462225807,Chaitanya
1462220123,Chaitanya
1462225275,Chaitanya
1462222331,Darsh
1462220535,Akshat
1462221359,Akshat
1462220036,Bhavesh
1462223706,Chaitanya
1462219779,Darsh
1462223858,Chaitanya
1462225229,Bhavesh
1462219873,Bhavesh
1462226358,Akshat
1462226199,Akshat
1462222129,Akshat
1462222502,Chaitanya
1462224850,Darsh
1462219065,Akshat
1462220257,Darsh
1462220850,Darsh
1462223260,Chaitanya
1462224845,Bhavesh
1462220355,Akshat
1462224190,Bhavesh
1462222632,Darsh
1462223403,Bhavesh
1462218723,Chaitanya
1462226191,Akshat
1462221239,Darsh
1462221844,Darsh
1462225606,Chaitanya
1462223242,Akshat
1462224090,Bhavesh
1462221289,Akshat
1462221291,Chaitanya
1462225952,Akshat
1462224627,Chaitanya
1462219909,Akshat
1462226159,Darsh
1462218535,Chaitanya
1462226125,Akshat
1462220501,Akshat
1462223019,Darsh
1462222220,Akshat
1462219075,Akshat
1462225979,Akshat
1462219120,Chaitanya
1462223770,Bhavesh
1462220473,Darsh
1462225823,Chaitanya
1462221941,Akshat
1462222817,Akshat
1462219733,Chaitanya
1462223846,Darsh
1462219662,Chaitanya
1462223713,Darsh
1462223914,Chaitanya
1462225165,Darsh
1462221924,Darsh
1462221740,Darsh
1462222243,Darsh
1462226422,Darsh
1462224153,Darsh
1462226030,Chaitanya
1462220949,Bhavesh
1462224530,Darsh
1462222645,Bhavesh
1462223742,Bhavesh
1462218742,Chaitanya
1462222398,Akshat
1462224409,Akshat
1462222701,Akshat
1462219692,Bhavesh
1462224462,Akshat
1462220261,Bhavesh
1462220726,Akshat
1462224113,Chaitanya
1462225194,Chaitanya
1462225369,Bhavesh
1462218767,Bhavesh
1462224799,Darsh
1462219320,Chaitanya
1462222880,Bhavesh
1462226011,Bhavesh
1462219659,Akshat
1462220890,Darsh
1462222831,Darsh
1462221568,Chaitanya
1462222440,Darsh
1462221909,Chaitanya
1462221105,Akshat
1462223715,Bhavesh
1462222965,Darsh
1462222065,Bhavesh
1462221677,Akshat
1462221140,Bhavesh
1462225170,Chaitanya
1462218976,Darsh
1462222559,Bhavesh
1462222555,Chaitanya
1462222598,Akshat
1462219308,Akshat
1462222239,Akshat
1462224785,Darsh
1462226284,Bhavesh
1462225192,Darsh
1462222950,Chaitanya
1462220543,Darsh
1462221602,Bhavesh
1462224529,Akshat
1462222779,Akshat
1462218973,Akshat
1462225410,Akshat
1462223805,Darsh
1462226308,Darsh
1462221477,Akshat
1462226298,Chaitanya
1462222802,Darsh
1462221371,Chaitanya
1462220241,Chaitanya
1462224756,Darsh
1462225521,Bhavesh
1462223491,Chaitanya
1462224405,Chaitanya
1462219165,Darsh
1462223085,Darsh
1462223747,Chaitanya
1462226007,Chaitanya
1462219673,Akshat
1462225490,Bhavesh
1462225694,Chaitanya
1462223314,Darsh
1462224669,Darsh
1462221082,Akshat
1462219569,Bhavesh
1462220002,Chaitanya
1462224465,Akshat
1462222269,Bhavesh
1462225179,Darsh
1462223038,Darsh
1462225890,Akshat
1462219343,Darsh
1462221332,Akshat
1462220457,Akshat
1462226121,Akshat
1462219172,Darsh
1462220279,Darsh
1462223100,Bhavesh
1462220079,Chaitanya
1462225271,Chaitanya
1462221536,Akshat
1462220613,Chaitanya
1462222205,Darsh
1462219932,Chaitanya
1462226468,Chaitanya
1462219445,Darsh
1462219022,Bhavesh
1462221030,Akshat
1462221518,Akshat
1462218662,Chaitanya
1462225824,Bhavesh
1462224319,Chaitanya
1462225264,Chaitanya
1462220773,Darsh
1462223638,Bhavesh
1462221444,Bhavesh
1462220716,Akshat
1462224559,Darsh
1462224241,Chaitanya
1462219586,Bhavesh
1462219655,Bhavesh
1462225722,Bhavesh
1462222990,Chaitanya
1462220685,Bhavesh
1462221804,Bhavesh
1462220334,Darsh
1462223447,Akshat
1462226186,Bhavesh
1462218574,Chaitanya
1462220950,Akshat
1462221562,Bhavesh
1462219877,Bhavesh
1462226453,Bhavesh
1462226320,Chaitanya
1462224223,Darsh
1462225454,Darsh
1462226127,Darsh
1462224253,Chaitanya
1462219907,Bhavesh
1462222238,Chaitanya
1462220813,Chaitanya
1462219416,Akshat
1462221507,Chaitanya
1462223374,Akshat
1462222778,Bhavesh
1462219460,Chaitanya
1462226204,Chaitanya
1462224996,Akshat
1462221004,Darsh
1462224600,Bhavesh
1462226395,Bhavesh
1462222582,Akshat
1462223942,Bhavesh
1462218759,Akshat
1462222399,Chaitanya
1462221266,Bhavesh
1462222614,Akshat
1462218606,Akshat
1462223381,Chaitanya
1462221670,Darsh
1462223143,Darsh
1462222167,Bhavesh
1462224624,Akshat
1462223639,Akshat
1462222906,Darsh
1462220736,Chaitanya
1462223810,Bhavesh
1462219774,Akshat
1462221290,Akshat
1462226529,Akshat
1462225619,Akshat
1462220340,Akshat
1462219129,Akshat
1462224202,Bhavesh
1462218720,Bhavesh
1462224973,Akshat
1462222870,Akshat
1462223825,Akshat
1462220827,Akshat
1462220841,Akshat
1462224585,Akshat
1462223945,Akshat
1462220592,Darsh
1462219381,Darsh
1462223480,Akshat
1462221647,Chaitanya
1462223324,Chaitanya
1462220782,Darsh
1462225646,Akshat
1462221774,Chaitanya
1462225189,Bhavesh
1462225655,Chaitanya
1462221718,Bhavesh
1462220188,Akshat
1462220145,Akshat
1462219825,Akshat
1462221364,Akshat
1462226528,Chaitanya
1462225960,Darsh
1462220377,Akshat
1462222895,Chaitanya
1462221157,Akshat
1462225612,Akshat
1462219275,Darsh
1462224185,Bhavesh
1462225464,Akshat
1462219867,Chaitanya
1462220309,Akshat
1462226087,Bhavesh
1462225771,Akshat
1462223098,Bhavesh
1462224615,Darsh
1462220777,Darsh
1462219377,Chaitanya
1462226235,Bhavesh
1462226439,Bhavesh
1462221887,Bhavesh
1462222624,Darsh
1462224231,Akshat
1462222090,Akshat
1462218779,Darsh
1462220068,Darsh
1462219853,Bhavesh
1462220891,Darsh
1462223630,Bhavesh
1462223636,Akshat
1462225374,Darsh
1462226220,Akshat
1462224513,Chaitanya
1462225624,Chaitanya
1462219585,Darsh
1462223111,Bhavesh
1462223032,Bhavesh
1462225802,Akshat
1462221129,Darsh
1462222419,Darsh
1462223970,Chaitanya
1462220529,Chaitanya
1462219285,Bhavesh
1462223862,Darsh
1462221404,Darsh
1462226475,Akshat
1462224306,Akshat
1462221067,Akshat
1462220639,Akshat
1462218649,Akshat
1462224386,Chaitanya
1462225562,Darsh
1462225504,Chaitanya
1462221274,Akshat
1462226372,Chaitanya
1462220319,Akshat
1462223105,Bhavesh
1462226126,Akshat
1462224056,Bhavesh
1462222373,Chaitanya
1462223593,Akshat
1462225875,Chaitanya
1462224048,Darsh
1462223189,Darsh
1462219972,Darsh
1462224771,Akshat
1462225359,Akshat
1462224227,Akshat
1462222787,Darsh
1462224102,Darsh
1462226100,Akshat
1462224965,Chaitanya
1462223074,Darsh
1462225211,Akshat
1462220670,Akshat
1462221739,Darsh
1462219991,Darsh
1462224125,Chaitanya
1462219565,Chaitanya
1462225147,Chaitanya
1462225992,Akshat
1462223594,Chaitanya
1462224555,Bhavesh
1462224082,Bhavesh
1462221904,Chaitanya
1462223140,Darsh
1462223589,Bhavesh
1462224505,Chaitanya
1462219146,Darsh
1462226196,Bhavesh
1462221848,Chaitanya
1462224353,Chaitanya
1462221683,Bhavesh
1462222242,Akshat
1462220370,Akshat
1462225819,Bhavesh
1462219656,Bhavesh
1462219930,Chaitanya
1462220756,Darsh
1462223302,Akshat
1462225044,Darsh
1462223170,Darsh
1462218721,Chaitanya
1462222340,Chaitanya
1462219139,Bhavesh
1462218508,Darsh
1462223800,Chaitanya
1462219674,Bhavesh
1462222405,Akshat
1462220379,Bhavesh
1462222035,Akshat
1462220433,Chaitanya
1462223518,Akshat
1462220831,Bhavesh
1462221912,Bhavesh
1462219076,Akshat
1462218530,Darsh
1462224592,Bhavesh
1462220514,Darsh
1462225841,Darsh
1462226511,Akshat
1462224095,Bhavesh
1462225838,Bhavesh
1462226479,Darsh
1462221135,Akshat
1462224120,Bhavesh
1462224413,Darsh
1462218576,Akshat
1462226131,Chaitanya
1462223550,Darsh
1462219561,Akshat
1462221120,Chaitanya
1462225543,Darsh
1462224630,Darsh
1462219575,Bhavesh
1462221489,Chaitanya
1462221944,Chaitanya
1462222504,Akshat
1462220549,Bhavesh
1462225787,Chaitanya
1462225556,Bhavesh
1462225048,Akshat
1462221765,Akshat
1462226374,Bhavesh
1462218560,Bhavesh
1462224292,Akshat
1462221316,Chaitanya
1462224903,Akshat
1462224387,Akshat
1462226065,Akshat
1462221484,Bhavesh
1462223121,Darsh
1462222667,Darsh
1462224560,Darsh
1462224049,Chaitanya
1462219724,Bhavesh
1462223212,Darsh
1462221420,Akshat
1462221527,Akshat
1462219503,Chaitanya
1462223958,Chaitanya
1462224661,Darsh
1462219288,Akshat
1462225238,Chaitanya
1462225142,Darsh
1462225604,Akshat
1462222827,Chaitanya
1462226130,Akshat
1462224986,Akshat
1462224709,Darsh
1462220128,Chaitanya
1462225613,Chaitanya
1462222655,Akshat
1462219326,Darsh
1462223509,Bhavesh
1462221014,Akshat
1462220857,Akshat
1462226150,Chaitanya
1462218485,Bhavesh
1462221169,Darsh
1462225547,Chaitanya
1462224836,Bhavesh
1462224931,Akshat
1462221138,Chaitanya
1462223836,Bhavesh
1462218635,Chaitanya
1462223984,Chaitanya
1462226401,Darsh
1462224264,Bhavesh
1462224341,Bhavesh
1462221147,Darsh
1462226462,Darsh
1462218585,Bhavesh
1462222931,Bhavesh
1462220182,Akshat
1462225040,Darsh
1462219598,Chaitanya
1462225513,Darsh
1462225914,Akshat
1462220342,Darsh
1462222786,Chaitanya
1462222765,Chaitanya
1462223385,Bhavesh
1462222791,Bhavesh
1462222375,Darsh
1462225505,Chaitanya
1462222612,Chaitanya
1462221638,Darsh
1462225149,Bhavesh
1462223452,Chaitanya
1462219156,Darsh
1462226352,Darsh
1462220651,Akshat
1462220721,Akshat
1462219468,Akshat
1462221870,Chaitanya
1462218614,Darsh
1462222599,Chaitanya
1462225729,Bhavesh
1462222543,Darsh
1462225268,Darsh
1462221730,Chaitanya
1462224579,Akshat
1462223202,Darsh
1462221735,Chaitanya
1462224041,Akshat
1462225812,Darsh
1462223707,Bhavesh
1462218730,Bhavesh
1462221835,Akshat
1462220066,Chaitanya
1462219402,Bhavesh
1462225249,Chaitanya
1462225903,Darsh
1462218694,Darsh
1462224928,Akshat
1462219928,Chaitanya
1462225630,Akshat
1462221631,Darsh
1462225940,Akshat
1462222344,Akshat
1462225181,Akshat
1462223455,Bhavesh
1462220588,Bhavesh
1462223856,Akshat
1462225272,Bhavesh
1462225861,Darsh
1462222267,Chaitanya
1462219743,Darsh
1462219055,Bhavesh
1462225010,Bhavesh
1462221088,Chaitanya
1462219618,Akshat
1462221216,Chaitanya
1462224466,Bhavesh
1462225004,Darsh
1462220662,Bhavesh
1462224862,Chaitanya
1462220913,Chaitanya
1462224567,Chaitanya
1462226536,Chaitanya
1462221561,Akshat
1462220212,Chaitanya
1462221500,Darsh
1462224200,Darsh
1462224532,Chaitanya
1462218714,Chaitanya
1462221989,Chaitanya
1462223292,Chaitanya
1462224182,Darsh
1462221372,Darsh
1462222490,Darsh
1462219348,Darsh
1462223227,Darsh
1462226426,Chaitanya
1462225554,Chaitanya
1462225043,Darsh
1462226156,Bhavesh
1462223847,Chaitanya
1462220819,Bhavesh
1462226299,Chaitanya
1462224023,Akshat
1462225405,Chaitanya
1462221851,Bhavesh
1462226210,Akshat
1462223459,Akshat
1462224497,Bhavesh
1462224876,Akshat
1462219009,Akshat
1462223736,Bhavesh
1462224352,Darsh
1462224704,Chaitanya
1462226163,Darsh
1462224653,Chaitanya
1462222795,Darsh
1462221807,Akshat
1462224435,Akshat
1462222364,Chaitanya
1462222459,Akshat
1462220006,Chaitanya
1462221442,Darsh
1462225472,Chaitanya
1462222539,Bhavesh
1462218676,Bhavesh
1462223116,Darsh
1462225475,Akshat
1462222678,Darsh
1462226291,Akshat
1462221412,Darsh
1462224116,Akshat
1462218921,Bhavesh
1462219775,Bhavesh
1462219576,Darsh
1462221178,Akshat
1462225535,Akshat
1462224521,Darsh
1462219847,Darsh
1462219440,Akshat
1462221585,Darsh
1462220643,Darsh
1462220717,Bhavesh
1462222026,Chaitanya
1462218661,Darsh
1462219059,Chaitanya
1462219044,Akshat
1462221103,Akshat
1462218611,Darsh
1462224381,Chaitanya
1462219606,Akshat
1462223838,Darsh
1462220808,Darsh
1462223481,Darsh
1462220046,Darsh
1462221900,Akshat
1462220816,Chaitanya
1462219833,Darsh
1462224390,Akshat
1462222058,Bhavesh
1462221584,Bhavesh
1462224821,Akshat
1462220869,Darsh
1462222923,Bhavesh
1462224960,Bhavesh
1462225808,Chaitanya
1462219262,Darsh
1462226512,Bhavesh
1462222056,Darsh
1462221828,Darsh
1462219513,Chaitanya
1462219223,Darsh
1462219908,Akshat
1462221725,Darsh
1462220367,Bhavesh
1462218859,Chaitanya
1462225258,Akshat
1462219373,Akshat
1462218986,Akshat
1462223695,Darsh
1462224127,Darsh
1462222306,Akshat
1462225447,Akshat
1462219753,Akshat
1462219906,Darsh
1462224364,Darsh
1462218702,Bhavesh
1462225712,Bhavesh
1462224458,Darsh
1462224454,Akshat
1462225893,Akshat
1462222875,Akshat
1462223198,Darsh
1462223968,Darsh
1462219983,Bhavesh
1462226016,Akshat
1462226336,Bhavesh
1462221454,Chaitanya
1462226343,Chaitanya
1462219034,Akshat
1462222179,Darsh
1462222298,Darsh
1462220865,Bhavesh
1462224707,Darsh
1462222169,Darsh
1462222854,Akshat
1462218569,Bhavesh
1462222806,Bhavesh
1462221915,Akshat
1462221903,Bhavesh
1462218593,Akshat
1462226166,Chaitanya
1462220900,Bhavesh
1462225621,Darsh
1462222617,Bhavesh
1462224279,Bhavesh
1462222317,Akshat
1462225243,Darsh
1462222166,Darsh
1462221293,Bhavesh
1462219248,Akshat
1462225677,Akshat
1462224092,Chaitanya
1462218719,Akshat
1462223175,Akshat
1462224222,Akshat
1462225810,Darsh
1462219346,Darsh
1462219545,Darsh
1462223182,Akshat
1462222473,Bhavesh
1462225995,Chaitanya
1462218926,Chaitanya
1462222545,Bhavesh
1462220401,Darsh
1462221860,Akshat
1462220500,Bhavesh
1462223243,Bhavesh
1462219136,Chaitanya
1462220032,Akshat
1462224022,Bhavesh
1462220419,Chaitanya
1462225891,Chaitanya
1462218772,Akshat
1462224165,Darsh
1462218553,Chaitanya
1462222934,Bhavesh
1462222333,Akshat
1462222014,Bhavesh
1462224962,Chaitanya
1462224327,Darsh
1462220974,Darsh
1462225288,Darsh
1462226545,Darsh
1462224613,Darsh
1462219820,Darsh
1462223445,Darsh
1462221213,Akshat
1462223596,Bhavesh
1462221323,Bhavesh
1462221799,Bhavesh
1462221339,Akshat
1462220203,Darsh
1462221749,Darsh
1462219029,Chaitanya
1462226292,Bhavesh
1462218491,Chaitanya
1462220347,Akshat
1462219183,Chaitanya
1462225908,Akshat
1462224419,Akshat
1462218847,Akshat
1462225820,Chaitanya
1462222663,Darsh
1462225151,Akshat
1462220872,Akshat
1462220054,Chaitanya
1462223319,Bhavesh
1462224286,Akshat
1462221509,Bhavesh
1462224667,Chaitanya
1462220885,Darsh
1462219658,Chaitanya
1462220758,Darsh
1462220663,Bhavesh
1462222468,Chaitanya
1462221182,Chaitanya
1462223045,Akshat
1462223269,Bhavesh
1462221986,Darsh
1462218974,Bhavesh
1462225344,Akshat
1462225831,Chaitanya
1462224947,Chaitanya
1462220523,Akshat
1462223931,Akshat
1462218762,Chaitanya
1462223642,Bhavesh
1462218876,Bhavesh
1462222680,Darsh
1462220574,Chaitanya
1462224939,Bhavesh
1462222948,Darsh
1462221403,Darsh
1462226049,Akshat
1462226090,Darsh
1462225577,Darsh
1462220544,Bhavesh
1462224767,Darsh
1462220992,Bhavesh
1462222046,Darsh
1462225164,Darsh
1462218627,Darsh
1462224708,Darsh
1462222745,Akshat
1462224798,Bhavesh
1462220889,Bhavesh
1462222620,Darsh
1462221761,Bhavesh
1462223135,Darsh
1462224349,Akshat
1462225652,Akshat
1462225582,Darsh
1462223680,Akshat
1462223339,Akshat
1462223538,Chaitanya
1462218637,Darsh
1462220786,Bhavesh
1462222816,Akshat
1462225704,Bhavesh
1462220394,Bhavesh
1462220911,Chaitanya
1462225120,Darsh
1462219383,Akshat
1462226106,Akshat
1462224877,Akshat
1462220932,Darsh
1462219249,Darsh
1462219490,Darsh
1462223743,Darsh
1462222762,Bhavesh
1462225776,Chaitanya
1462226455,Darsh
1462219875,Akshat
1462224177,Akshat
1462220626,Akshat
1462222078,Darsh
1462220915,Darsh
1462218967,Akshat
1462219897,Darsh
1462221792,Bhavesh
1462226129,Chaitanya
1462225765,Darsh
1462222457,Darsh
1462220074,Bhavesh
1462225706,Darsh
1462219834,Chaitanya
1462219332,Akshat
1462221099,Darsh
1462226270,Akshat
1462223626,Bhavesh
1462219555,Darsh
1462222812,Chaitanya
1462222512,Darsh
1462223852,Akshat
1462218978,Akshat
1462221288,Bhavesh
1462219455,Darsh
1462221292,Darsh
1462225037,Darsh
1462224316,Bhavesh
1462224307,Akshat
1462222278,Akshat
1462220944,Chaitanya
1462220812,Darsh
1462218639,Chaitanya
1462221620,Akshat
1462222814,Bhavesh
1462220344,Akshat
1462220868,Darsh
1462223390,Chaitanya
1462220228,Darsh
1462223514,Akshat
1462221074,Chaitanya
1462226009,Chaitanya
1462218650,Bhavesh
1462225452,Akshat
1462225234,Akshat
1462223993,Akshat
1462220734,Akshat
1462225590,Bhavesh
1462222180,Akshat
1462226265,Darsh
1462222152,Bhavesh
1462224355,Akshat
1462220343,Darsh
1462224479,Chaitanya
1462220507,Darsh
1462223391,Akshat
1462221275,Darsh
1462219259,Darsh
1462224083,Bhavesh
1462220275,Darsh
1462223947,Bhavesh
1462220989,Akshat
1462225174,Akshat
1462225665,Akshat
1462220322,Akshat
1462224564,Chaitanya
1462222323,Chaitanya
1462221569,Darsh
1462219832,Darsh
1462225486,Chaitanya
1462221592,Darsh
1462219347,Bhavesh
1462223250,Darsh
1462220201,Akshat
1462218654,Chaitanya
1462224100,Akshat
1462219238,Akshat
1462226251,Chaitanya
1462226261,Akshat
1462222227,Akshat
1462225640,Akshat
1462221258,Chaitanya
1462220671,Akshat
